key,alpha,beta,lambda
0.001_1.0_0.000244,0.001,1.0,0.000244
10_10000_0.015625,10,10000,0.015625
10000_10000000_0.003906,10000,10000000,0.003906
